{"stats":{"minecraft:picked_up":{"minecraft:birch_log":21,"minecraft:stick":13,"minecraft:crafting_table":1,"farmersdelight:smoked_ham":1,"minecraft:leather":2,"minecraft:porkchop":2,"minecraft:oak_log":5,"minecraft:dirt":1,"minecraft:beef":3,"minecraft:birch_sapling":7,"minecraft:mutton":1,"minecraft:white_wool":1},"minecraft:custom":{"minecraft:time_since_rest":71283,"minecraft:sprint_one_cm":88569,"minecraft:damage_taken":50,"minecraft:walk_one_cm":111354,"minecraft:mob_kills":4,"minecraft:damage_dealt":379,"minecraft:interact_with_crafting_table":1,"minecraft:fly_one_cm":24500,"minecraft:open_chest":2,"minecraft:crouch_one_cm":271,"minecraft:play_time":71283,"minecraft:sneak_time":49,"minecraft:walk_under_water_one_cm":268,"minecraft:jump":216,"minecraft:leave_game":2,"minecraft:walk_on_water_one_cm":1061,"minecraft:time_since_death":71283,"minecraft:climb_one_cm":812,"minecraft:total_world_time":71283,"minecraft:fall_one_cm":7297},"minecraft:used":{"minecraft:wooden_axe":70,"minecraft:birch_sapling":6,"minecraft:written_book":1,"minecraft:crafting_table":1,"farmersdelight:smoked_ham":1},"minecraft:killed":{"minecraft:sheep":1,"minecraft:pig":2,"minecraft:cow":1},"minecraft:crafted":{"minecraft:wooden_hoe":1,"minecraft:crafting_table":1,"minecraft:stick":4,"minecraft:wooden_axe":1,"minecraft:birch_planks":20},"minecraft:mined":{"treechop:chopped_log":5,"minecraft:crafting_table":1,"minecraft:grass":11,"biomesoplenty:bush":27,"minecraft:grass_block":1}},"DataVersion":3465}